<keymap version="1" name="CH Keybinds" parent="$default">
  <action id="CloseContent">
    <keyboard-shortcut first-keystroke="ctrl w" />
  </action>
  <action id="CollapseExpandableComponent">
    <keyboard-shortcut first-keystroke="ctrl subtract" />
    <keyboard-shortcut first-keystroke="ctrl minus" />
  </action>
  <action id="CompareTwoFiles" />
  <action id="Console.Execute.Multiline" />
  <action id="Console.SplitLine" />
  <action id="Console.TableResult.EditValueMaximized">
    <keyboard-shortcut first-keystroke="shift alt enter" />
  </action>
  <action id="DatabaseView.CopyAction" />
  <action id="DatabaseView.PropertiesAction" />
  <action id="Diff.ShowDiff" />
  <action id="DirDiffMenu.SynchronizeDiff.All" />
  <action id="Docker.RemoteServers.StartComposeService" />
  <action id="Docker.RemoteServers.StartContainer" />
  <action id="EditorDeleteLine">
    <keyboard-shortcut first-keystroke="ctrl d" />
  </action>
  <action id="EditorDuplicate" />
  <action id="EditorSelectWord" />
  <action id="EditorSplitLine" />
  <action id="EditorStartNewLine" />
  <action id="ExecuteInPyConsoleAction">
    <keyboard-shortcut first-keystroke="ctrl enter" />
  </action>
  <action id="ExpandExpandableComponent">
    <keyboard-shortcut first-keystroke="ctrl add" />
    <keyboard-shortcut first-keystroke="ctrl equals" />
  </action>
  <action id="FileChooser.GotoDesktop" />
  <action id="FindPrevious">
    <keyboard-shortcut first-keystroke="shift f3" />
  </action>
  <action id="NotebookRunCellAction" />
  <action id="NotebookRunCellSelectBelowAction" />
  <action id="OpenInRightSplit">
    <mouse-shortcut keystroke="alt button1 doubleClick" />
  </action>
  <action id="PyExecuteCellAction">
    <keyboard-shortcut first-keystroke="shift enter" />
  </action>
  <action id="ReformatCode">
    <keyboard-shortcut first-keystroke="shift ctrl l" />
  </action>
  <action id="RunDashboard.CopyConfiguration" />
  <action id="SendEOF" />
  <action id="SmartSelect" />
  <action id="SplitChooser.Duplicate" />
  <action id="TableResult.GrowSelection" />
  <action id="Terminal.SmartCommandExecution.Run" />
  <action id="Tool_External Tools_Black">
    <keyboard-shortcut first-keystroke="ctrl alt l" />
  </action>
  <action id="UsageFiltering.WriteAccess" />
  <action id="ViewSource" />
  <action id="XDebugger.CopyWatch" />
</keymap>